item_id,categoria,nota_v1,nota_v2
F1,funcional,0.7,0.567
F2,funcional,0.75,1.0
F3,funcional,1.0,1.0
F4,funcional,0.0,0.833
F5,funcional,1.0,1.0
F6,funcional,1.0,1.0
F7,funcional,1.0,1.0
F8,funcional,1.0,1.0
F9,funcional,1.0,1.0
F10,funcional,1.0,1.0
F11,funcional,1.0,1.0
B1,borda,0.533,1.0
B2,borda,1.0,1.0
B3,borda,1.0,1.0
B4,borda,1.0,1.0
B5,borda,1.0,1.0
B6,borda,0.0,0.0
E1,escopo,1.0,1.0
E2,escopo,1.0,1.0
E3,escopo,1.0,0.0
E4,escopo,1.0,1.0
S1,seguranca,1.0,1.0
S2,seguranca,1.0,1.0
S3,seguranca,1.0,1.0
S4,seguranca,1.0,1.0
S5,seguranca,1.0,1.0
S6,seguranca,1.0,1.0
S7,seguranca,1.0,1.0
S8,seguranca,1.0,1.0
S9,seguranca,1.0,1.0
M1,memoria,0.5,1.0
M2,memoria,1.0,1.0
M3,memoria,1.0,1.0
